companyName,firstName,lastName,title,website,industry,employeeCount,headquarters
iProspect NY,Agency,Contact,Managing Director,https://www.iprospect.com,ENTERTAINMENT_MEDIA,MEGA_5000_PLUS,New York NY
Abercrombie & Fitch Co.,Main,Contact,Media Director,https://www.abercrombie.com,RETAIL_ECOMMERCE,MEGA_5000_PLUS,New Albany OH
Amazon,Main,Contact,Media Director,https://www.amazon.com,TECHNOLOGY,MEGA_5000_PLUS,Seattle WA
Amplifon,Main,Contact,Media Director,https://www.amplifon.com,HEALTHCARE_PHARMA,MEGA_5000_PLUS,Milan
Ashley,Main,Contact,Media Director,https://www.ashleyfurniture.com,RETAIL_ECOMMERCE,MEGA_5000_PLUS,Arcadia WI
Aspen Dental,Main,Contact,Media Director,https://www.aspendental.com,HEALTHCARE_PHARMA,MEGA_5000_PLUS,East Syracuse NY
Bass Pro Shops,Main,Contact,Media Director,https://www.basspro.com,RETAIL_ECOMMERCE,MEGA_5000_PLUS,Springfield MO
BayCare Health System,Main,Contact,Media Director,https://www.baycare.org,HEALTHCARE_PHARMA,MEGA_5000_PLUS,Clearwater FL
Bloomingdale's,Main,Contact,Media Director,https://www.bloomingdales.com,RETAIL_ECOMMERCE,MEGA_5000_PLUS,New York NY
Cancer Treatment Centers,Main,Contact,Media Director,https://www.cancercenter.com,HEALTHCARE_PHARMA,MEGA_5000_PLUS,Boca Raton FL
Carter's,Main,Contact,Media Director,https://www.carters.com,RETAIL_ECOMMERCE,MEGA_5000_PLUS,Atlanta GA
CertaPro Painters,Main,Contact,Media Director,https://www.certapro.com,CONSTRUCTION_REAL_ESTATE,ENTERPRISE_1001_5000,Oaks PA
Citizens Financial Group,Main,Contact,Media Director,https://www.citizensbank.com,FINANCIAL_SERVICES,MEGA_5000_PLUS,Providence RI
City of Hope,Main,Contact,Media Director,https://www.cityofhope.org,HEALTHCARE_PHARMA,MEGA_5000_PLUS,Los Angeles CA
ClearChoice Dental Implant Centers,Main,Contact,Media Director,https://www.clearchoice.com,HEALTHCARE_PHARMA,ENTERPRISE_1001_5000,Denver CO
Cleveland Clinic Foundation,Main,Contact,Media Director,https://www.clevelandclinic.org,HEALTHCARE_PHARMA,MEGA_5000_PLUS,Cleveland OH
Connecticut Tourism,Main,Contact,Media Director,https://www.ctvisit.com,TRAVEL_HOSPITALITY,MEDIUM_51_200,Hartford CT
Cox Communications, Inc.,Main,Contact,Media Director,https://www.cox.com,TELECOM,MEGA_5000_PLUS,Atlanta GA
Cracker Barrel,Main,Contact,Media Director,https://www.crackerbarrel.com,CPG_FOOD_BEVERAGE,MEGA_5000_PLUS,Lebanon TN
CSL Plasma,Main,Contact,Media Director,https://www.cslplasma.com,HEALTHCARE_PHARMA,MEGA_5000_PLUS,Boca Raton FL
Dollar General,Main,Contact,Media Director,https://www.dollargeneral.com,RETAIL_ECOMMERCE,MEGA_5000_PLUS,Goodlettsville TN
Driveway,Main,Contact,Media Director,https://www.driveway.com,AUTOMOTIVE,LARGE_201_1000,Austin TX
eBay,Main,Contact,Media Director,https://www.ebay.com,TECHNOLOGY,MEGA_5000_PLUS,San Jose CA
Eyemart Express,Main,Contact,Media Director,https://www.eyemartexpress.com,HEALTHCARE_PHARMA,ENTERPRISE_1001_5000,San Antonio TX
Feld Entertainment,Main,Contact,Media Director,https://www.feldentertainment.com,ENTERTAINMENT_MEDIA,MEGA_5000_PLUS,Ellenton FL
Ferrara Candy Company,Main,Contact,Media Director,https://www.ferrarausa.com,CPG_FOOD_BEVERAGE,MEGA_5000_PLUS,Chicago IL
Ferraro Foods,Main,Contact,Media Director,https://www.ferrarofoods.com,CPG_FOOD_BEVERAGE,LARGE_201_1000,Parsippany NJ
Ferrero,Main,Contact,Media Director,https://www.ferrero.com,CPG_FOOD_BEVERAGE,MEGA_5000_PLUS,Alba
Fiskars,Main,Contact,Media Director,https://www.fiskars.com,CPG_HOUSEHOLD,MEGA_5000_PLUS,Helsinki
Gap Inc.,Main,Contact,Media Director,https://www.gap.com,RETAIL_ECOMMERCE,MEGA_5000_PLUS,San Francisco CA
General Assembly,Main,Contact,Media Director,https://www.generalassemb.ly,EDUCATION,LARGE_201_1000,New York NY
General Mills,Main,Contact,Media Director,https://www.generalmills.com,CPG_FOOD_BEVERAGE,MEGA_5000_PLUS,Minneapolis MN
Genesco,Main,Contact,Media Director,https://www.genesco.com,RETAIL_ECOMMERCE,MEGA_5000_PLUS,Nashville TN
Habitat for Humanity International,Main,Contact,Media Director,https://www.habitat.org,NONPROFIT_ASSOCIATION,MEGA_5000_PLUS,Atlanta GA
Harvest Hill Beverage Company,Main,Contact,Media Director,https://www.harvesthill.com,CPG_FOOD_BEVERAGE,LARGE_201_1000,Stamford CT
Heineken,Main,Contact,Media Director,https://www.heineken.com,CPG_FOOD_BEVERAGE,MEGA_5000_PLUS,Amsterdam
Hilton Hotels,Main,Contact,Media Director,https://www.hilton.com,TRAVEL_HOSPITALITY,MEGA_5000_PLUS,McLean VA
Hitachi,Main,Contact,Media Director,https://www.hitachi.com,TECHNOLOGY,MEGA_5000_PLUS,Tokyo
JC Penney,Main,Contact,Media Director,https://www.jcpenney.com,RETAIL_ECOMMERCE,MEGA_5000_PLUS,Plano TX
Jenius Bank,Main,Contact,Media Director,https://www.jeniusbank.com,FINANCIAL_SERVICES,LARGE_201_1000,New York NY
JPMorgan Chase,Main,Contact,Media Director,https://www.jpmorganchase.com,FINANCIAL_SERVICES,MEGA_5000_PLUS,New York NY
Kering,Main,Contact,Media Director,https://www.kering.com,RETAIL_ECOMMERCE,MEGA_5000_PLUS,Paris
Lumen Technologies,Main,Contact,Media Director,https://www.lumen.com,TELECOM,MEGA_5000_PLUS,Monroe LA
Masimo Consumer,Main,Contact,Media Director,https://www.masimo.com,HEALTHCARE_PHARMA,MEGA_5000_PLUS,Irvine CA
Massage Envy,Main,Contact,Media Director,https://www.massageenvy.com,HEALTHCARE_PHARMA,MEGA_5000_PLUS,Scottsdale AZ
MasterCard,Main,Contact,Media Director,https://www.mastercard.com,FINANCIAL_SERVICES,MEGA_5000_PLUS,Purchase NY
MaxMara,Main,Contact,Media Director,https://www.maxmara.com,RETAIL_ECOMMERCE,MEGA_5000_PLUS,Reggio Emilia
MetLife,Main,Contact,Media Director,https://www.metlife.com,FINANCIAL_SERVICES,MEGA_5000_PLUS,New York NY
MGM Studios,Main,Contact,Media Director,https://www.mgm.com,ENTERTAINMENT_MEDIA,MEGA_5000_PLUS,Beverly Hills CA
Microsoft,Main,Contact,Media Director,https://www.microsoft.com,TECHNOLOGY,MEGA_5000_PLUS,Redmond WA
Neiman Marcus Group,Main,Contact,Media Director,https://www.neimanmarcus.com,RETAIL_ECOMMERCE,MEGA_5000_PLUS,Dallas TX
Polestar,Main,Contact,Media Director,https://www.polestar.com,AUTOMOTIVE,ENTERPRISE_1001_5000,Gothenburg
Principal,Main,Contact,Media Director,https://www.principal.com,FINANCIAL_SERVICES,MEGA_5000_PLUS,Des Moines IA
Reckitt,Main,Contact,Media Director,https://www.reckitt.com,CPG_HOUSEHOLD,MEGA_5000_PLUS,Slough
Regions Bank,Main,Contact,Media Director,https://www.regions.com,FINANCIAL_SERVICES,MEGA_5000_PLUS,Birmingham AL
Sage Software,Main,Contact,Media Director,https://www.sage.com,TECHNOLOGY,MEGA_5000_PLUS,Newcastle upon Tyne
Schneider Electric,Main,Contact,Media Director,https://www.se.com,TECHNOLOGY,MEGA_5000_PLUS,Rueil-Malmaison
Serta,Main,Contact,Media Director,https://www.serta.com,CPG_HOUSEHOLD,MEGA_5000_PLUS,Hoffman Estates IL
Subway,Main,Contact,Media Director,https://www.subway.com,CPG_FOOD_BEVERAGE,MEGA_5000_PLUS,Milford CT
The Hartford,Main,Contact,Media Director,https://www.thehartford.com,FINANCIAL_SERVICES,MEGA_5000_PLUS,Hartford CT
Total Wine,Main,Contact,Media Director,https://www.totalwine.com,RETAIL_ECOMMERCE,MEGA_5000_PLUS,Bethesda MD
Vimeo,Main,Contact,Media Director,https://www.vimeo.com,TECHNOLOGY,LARGE_201_1000,New York NY
William Grant & Sons,Main,Contact,Media Director,https://www.williamgrant.com,CPG_FOOD_BEVERAGE,MEGA_5000_PLUS,Bellshill
Workday,Main,Contact,Media Director,https://www.workday.com,TECHNOLOGY,MEGA_5000_PLUS,Pleasanton CA
World Vision International,Main,Contact,Media Director,https://www.worldvision.org,NONPROFIT_ASSOCIATION,MEGA_5000_PLUS,Federal Way WA
Wyndham Hotels & Resorts,Main,Contact,Media Director,https://www.wyndhamhotels.com,TRAVEL_HOSPITALITY,MEGA_5000_PLUS,Parsippany NJ
